Azulejo-Código,Cidade,Pais,altura,largura,Endereço,Bairro,Uso-Aplicação
CE 1-1-1,Lisboa,Portugal,12/3,12/3,Rua Tomázia Perdigão n° 62,Cidade Velha,Revestimento de fachada, assentados por compressão contra argamassa fresca.
CE 9-1-1,Porto,Portugal,14/1,14/1,Travessa Padre Eutiquio n° 1536,Batista Campos,Revestimento de fachada, assentados por compressão contra argamassa fresca.
CE 12-2-1,Portugal,,13/2,13/2,Rua Senador Lemos n° 762/ Rua Padre Prudêncio n° 488/ Rua Siqueira Mendes n° 144/ Rua 15 de Novembro n° 314 e 312,Cidade Velha,Revestimento de fachada, assentados por compressão contra argamassa fresca.
CE 12-2-1,Portugal,,13/2,13/2,Rua Senador Lemos n° 762/ Rua Padre Prudêncio n° 488/ Rua Siqueira Mendes n° 144/ Rua 15 de Novembro n° 314 e 312,Campina,Revestimento de fachada, assentados por compressão contra argamassa fresca.
CE 12-2-1,Portugal,,13/2,13/2,Rua Senador Lemos n° 762/ Rua Padre Prudêncio n° 488/ Rua Siqueira Mendes n° 144/ Rua 15 de Novembro n° 314 e 312,Umarizal,Revestimento de fachada, assentados por compressão contra argamassa fresca.
CE 13-1-1,Portugal,,,,Rua 15 de Novembro n° 43/57,Campina,Revestimento de fachada, assentados por compressão contra argamassa fresca.
CE 15-1-1,Portugal,,,,Travessa Pedro Albuquerque n° 145,Cidade Velha,Revestimento de fachada, assentados por compressão contra argamassa fresca.
CE 16-1-1,Portugal,,13/1,13/1,Travessa Rui Barbosa n° 773,Reduto,Revestimento de fachada, assentados por compressão contra argamassa fresca.
CE 17-1-1,Porto,Portugal,13/5,13/5,Rua Senador Manoel Barata n° 136/138/ Rua Arcipreste Manoel Teodoro n° 943/ Avenida Gentil Bittencourt n° 57,Batista Campos,Revestimento de fachada, assentados por compressão contra argamassa fresca.
CE 17-1-1,Porto,Portugal,13/5,13/5,Rua Senador Manoel Barata n° 136/138/ Rua Arcipreste Manoel Teodoro n° 943/ Avenida Gentil Bittencourt n° 57,Campina,Revestimento de fachada, assentados por compressão contra argamassa fresca.
CE 18-1-1,Lisboa e Porto,Portugal,14/1,14/1,Rua Magalhães Barata n° 336/ Rua 28 de Setembro n° 892/ Travessa Rui Barbosa n° 346, 352, 358, 364 e 372,Reduto,Revestimento de fachada, assentados por compressão contra argamassa fresca.
CE 19-1-2,Porto,Portugal,14/3,14/3,Travessa Frutuoso Guimarães n° 605/ Rua Siqueira Mendes n° 139/ Rua Senador Manoel Barata n° 147/ Avenida Conselheiro Furtado n° 412/ Rua Arcipreste Manoel Teodoro n° 462, 470, 476, 478 e 508/ Rua Tomázia Perdigão n° 174/178/ Travessa Padre Eutiquio n° 1258, 1274, 1282, 1286/1288, 1294 e s/n°/ Travessa Dr. Manoel n° 31,Cidade Velha,Revestimento de fachada, assentados por compressão contra argamassa fresca.
CE 19-1-2,Porto,Portugal,14/3,14/3,Travessa Frutuoso Guimarães n° 605/ Rua Siqueira Mendes n° 139/ Rua Senador Manoel Barata n° 147/ Avenida Conselheiro Furtado n° 412/ Rua Arcipreste Manoel Teodoro n° 462, 470, 476, 478 e 508/ Rua Tomázia Perdigão n° 174/178/ Travessa Padre Eutiquio n° 1258, 1274, 1282, 1286/1288, 1294 e s/n°/ Travessa Dr. Manoel n° 31,Campina,Revestimento de fachada, assentados por compressão contra argamassa fresca.
CE 19-1-2,Porto,Portugal,14/3,14/3,Travessa Frutuoso Guimarães n° 605/ Rua Siqueira Mendes n° 139/ Rua Senador Manoel Barata n° 147/ Avenida Conselheiro Furtado n° 412/ Rua Arcipreste Manoel Teodoro n° 462, 470, 476, 478 e 508/ Rua Tomázia Perdigão n° 174/178/ Travessa Padre Eutiquio n° 1258, 1274, 1282, 1286/1288, 1294 e s/n°/ Travessa Dr. Manoel n° 31,Umariza,Revestimento de fachada, assentados por compressão contra argamassa fresca.
CE 19-1-2,Porto,Portugal,14/3,14/3,Travessa Frutuoso Guimarães n° 605/ Rua Siqueira Mendes n° 139/ Rua Senador Manoel Barata n° 147/ Avenida Conselheiro Furtado n° 412/ Rua Arcipreste Manoel Teodoro n° 462, 470, 476, 478 e 508/ Rua Tomázia Perdigão n° 174/178/ Travessa Padre Eutiquio n° 1258, 1274, 1282, 1286/1288, 1294 e s/n°/ Travessa Dr. Manoel n° 31,Batista Campos,Revestimento de fachada, assentados por compressão contra argamassa fresca.
CE 19-1-2,Porto,Portugal,14/3,14/3,Travessa Frutuoso Guimarães n° 605/ Rua Siqueira Mendes n° 139/ Rua Senador Manoel Barata n° 147/ Avenida Conselheiro Furtado n° 412/ Rua Arcipreste Manoel Teodoro n° 462, 470, 476, 478 e 508/ Rua Tomázia Perdigão n° 174/178/ Travessa Padre Eutiquio n° 1258, 1274, 1282, 1286/1288, 1294 e s/n°/ Travessa Dr. Manoel n° 31,Nazaré,Revestimento de fachada, assentados por compressão contra argamassa fresca.
CE 19-2-2,Porto,Portugal,13/3,13/3,Rua Tomázia Perdigão s/n°,Cidade Velha,Revestimento de fachada, assentados por compressão contra argamassa fresca.
CE 20-1-1,Porto,Portugal,13/5,13/5,Rua 28 de Setembro n° 1166/1170,Reduto,Revestimento de fachada, assentados por compressão contra argamassa fresca.
CE 21-1-1 (a e b),Porto,Portugal,14/3,14/3,Rua Cametá n° 125 e 133,Cidade Velha,Revestimento de fachada, assentados por compressão contra argamassa fresca.
CE 21-1-2,Porto,Portugal,14/1,14/1,Travessa São Francisco n° 60/ Travessa Benjamin Constant n° 452,Campina,Revestimento de fachada, assentados por compressão contra argamassa fresca.
CE 21-1-2,Porto,Portugal,14/1,14/1,Travessa São Francisco n° 60/ Travessa Benjamin Constant n° 452,Reduto,Revestimento de fachada, assentados por compressão contra argamassa fresca.
CE 22-1-1,Porto,Portugal,14/1,14/1,Rua Senador Manoel barata n° 153 e 161/ Travessa Padre Eutiquio n° 987/985/ Travessa Campos Sales n° 604,Campina,Revestimento de fachada, assentados por compressão contra argamassa fresca.
CE 23-1-1,Portugal,,,,Demolido antes de 1986,,Revestimento de fachada, assentados por compressão contra argamassa fresca.
CE 24-1-1,Porto,Portugal,,,Avenida Serzedelo Correa n° 1058, 1052 e 1048,Batista Campos,Revestimento de fachada, assentados por compressão contra argamassa fresca.
CE 24-2-2,Porto,Portugal,,,Rua Senador Manoel Barata n° 270/274,Campina,Revestimento de fachada, assentados por compressão contra argamassa fresca.
CE 25-1-1,Provavelmente Porto,Portugal,14/1,14/1,Travessa Dom Romualdo de Seias n° 613,Umarizal,Revestimento de fachada, assentados por compressão contra argamassa fresca.
CE 26-1-1,Porto,Portugal,14/1,14/1,Travessa Campos Sales n° 375,Campina,Revestimento de fachada, assentados por compressão contra argamassa fresca.
CE 27-1-1,Porto,Portugal,,,Rua 16 de Novembro n° 651,Cidade Velha,Revestimento de fachada, assentados por compressão contra argamassa fresca.
CE 28-1-1,Provavelmente Porto,Portugal,,,Rua 16 de Novembro n° 651,Campina,Revestimento de fachada, assentados por compressão contra argamassa fresca.
CE 29-1-1,Porto,Portugal,13/5,13/5,Rua 13 de Maio n° 38/40,Campina,Revestimento de fachada, assentados por compressão contra argamassa fresca.
CE 30-1-1,Porto,Portugal,,,Travessa São Francisco n° 60,Campina,Revestimento de fachada, assentados por compressão contra argamassa fresca.
CE 31-1-1,Portugal,,,,Rua dos 48 n° 59 (Demolido antes de 1986),Campina,Revestimento de fachada, assentados por compressão contra argamassa fresca.
CE 32-1-1,Porto,Portugal,10/1,10/1,Travessa São Francisco n° 60,,Revestimento de fachada, assentados por compressão contra argamassa fresca.
CE 33-1-1,Porto,Portugal,,,Demolido antes de 1986,,Revestimento de fachada, assentados por compressão contra argamassa fresca.
CE 34-1-1,Portugal,,14/1,14/1,Demolido antes de 1986,,Revestimento de fachada, assentados por compressão contra argamassa fresca.
CE 35-1-1,Provavelmente Portugal,,14/1,14/1,Travessa 7 de Setembro n° 243,Campina,Revestimento de fachada, assentados por compressão contra argamassa fresca.
CE 36-1-1,Portugal,,13/5,13/5,Demolido antes de 1986,,Revestimento de fachada, assentados por compressão contra argamassa fresca.
CE 37-1-1,Portugal,,13/5,13/5,Demolido antes de 1986,,Revestimento de fachada, assentados por compressão contra argamassa fresca.
CE 38-1-1,Provavelmente Portugal,,,,Demolido antes de 1986,,Revestimento de fachada, assentados por compressão contra argamassa fresca.
CE 39-1-1,Porto,Portugal,,,Travessa 1° de Março n° 331/335/341 e Rua Ó de Almeida n° 363,Campina,Revestimento de fachada, assentados por compressão contra argamassa fresca.
CE 40-1-1,Portugal,,13/5,13/5,Demolido antes de 1986,Reduto,Revestimento de fachada, assentados por compressão contra argamassa fresca.
CE 41-1-1,Portugal,,14/1,14/1,Demolido antes de 1986,,Revestimento de fachada, assentados por compressão contra argamassa fresca.
FE 1-1-1,Lisboa,Portugal,13/4,06/3,Travessa Frutuoso Guimarães n° 552 e 558/ Travessa 7 de Setembro n° 104/ Rua Conselheiro João Alfredo n° 284/ Travessa Gurupá n° 114/ Travessa Quintino Bocaiúva n° 932/946/ Travessa Rui Barbosa n° 355 e 845/ Rua Veiga Cabral n° 1338/ Rua Ó de Almeida n° 43 e 387/ Travessa Presidente Pernambuco n° 204/ Avenida Gentil Bittencourt n° 231/ Avenida 16 de Novembro n° 79 e 107/ Rua Rodrigues Santos n° 305/ Rua Dr. Assis n° 130/ Travessa Campos Sales n° 591, 715 e 300/306/308/312/ Rua Gaspar Viana n° 151/153/157 e 165/169/ Praça Barão do Guajará n° 53/ Rua 13 de Maio n° 194, 458/462 e 470/ Avenida Castilhos França n° 524/534 e 600/608/ Rua 28 de Setembro n° 42, 157, 528 e 536/ Rua Senador Manoel Barata n° 337,Cidade Velha,Revestimento de fachada, assentados por compressão contra argamassa fresca.
FE 1-1-1,Lisboa,Portugal,13/4,06/3,Travessa Frutuoso Guimarães n° 552 e 558/ Travessa 7 de Setembro n° 104/ Rua Conselheiro João Alfredo n° 284/ Travessa Gurupá n° 114/ Travessa Quintino Bocaiúva n° 932/946/ Travessa Rui Barbosa n° 355 e 845/ Rua Veiga Cabral n° 1338/ Rua Ó de Almeida n° 43 e 387/ Travessa Presidente Pernambuco n° 204/ Avenida Gentil Bittencourt n° 231/ Avenida 16 de Novembro n° 79 e 107/ Rua Rodrigues Santos n° 305/ Rua Dr. Assis n° 130/ Travessa Campos Sales n° 591, 715 e 300/306/308/312/ Rua Gaspar Viana n° 151/153/157 e 165/169/ Praça Barão do Guajará n° 53/ Rua 13 de Maio n° 194, 458/462 e 470/ Avenida Castilhos França n° 524/534 e 600/608/ Rua 28 de Setembro n° 42, 157, 528 e 536/ Rua Senador Manoel Barata n° 337,Campina,Revestimento de fachada, assentados por compressão contra argamassa fresca.
FE 1-1-1,Lisboa,Portugal,13/4,06/3,Travessa Frutuoso Guimarães n° 552 e 558/ Travessa 7 de Setembro n° 104/ Rua Conselheiro João Alfredo n° 284/ Travessa Gurupá n° 114/ Travessa Quintino Bocaiúva n° 932/946/ Travessa Rui Barbosa n° 355 e 845/ Rua Veiga Cabral n° 1338/ Rua Ó de Almeida n° 43 e 387/ Travessa Presidente Pernambuco n° 204/ Avenida Gentil Bittencourt n° 231/ Avenida 16 de Novembro n° 79 e 107/ Rua Rodrigues Santos n° 305/ Rua Dr. Assis n° 130/ Travessa Campos Sales n° 591, 715 e 300/306/308/312/ Rua Gaspar Viana n° 151/153/157 e 165/169/ Praça Barão do Guajará n° 53/ Rua 13 de Maio n° 194, 458/462 e 470/ Avenida Castilhos França n° 524/534 e 600/608/ Rua 28 de Setembro n° 42, 157, 528 e 536/ Rua Senador Manoel Barata n° 337, Reduto,Revestimento de fachada, assentados por compressão contra argamassa fresca.
FE 1-1-1,Lisboa,Portugal,13/4,06/3,Travessa Frutuoso Guimarães n° 552 e 558/ Travessa 7 de Setembro n° 104/ Rua Conselheiro João Alfredo n° 284/ Travessa Gurupá n° 114/ Travessa Quintino Bocaiúva n° 932/946/ Travessa Rui Barbosa n° 355 e 845/ Rua Veiga Cabral n° 1338/ Rua Ó de Almeida n° 43 e 387/ Travessa Presidente Pernambuco n° 204/ Avenida Gentil Bittencourt n° 231/ Avenida 16 de Novembro n° 79 e 107/ Rua Rodrigues Santos n° 305/ Rua Dr. Assis n° 130/ Travessa Campos Sales n° 591, 715 e 300/306/308/312/ Rua Gaspar Viana n° 151/153/157 e 165/169/ Praça Barão do Guajará n° 53/ Rua 13 de Maio n° 194, 458/462 e 470/ Avenida Castilhos França n° 524/534 e 600/608/ Rua 28 de Setembro n° 42, 157, 528 e 536/ Rua Senador Manoel Barata n° 337,Nazaré,Revestimento de fachada, assentados por compressão contra argamassa fresca.
FE 1-1-1,Lisboa,Portugal,13/4,06/3,Travessa Frutuoso Guimarães n° 552 e 558/ Travessa 7 de Setembro n° 104/ Rua Conselheiro João Alfredo n° 284/ Travessa Gurupá n° 114/ Travessa Quintino Bocaiúva n° 932/946/ Travessa Rui Barbosa n° 355 e 845/ Rua Veiga Cabral n° 1338/ Rua Ó de Almeida n° 43 e 387/ Travessa Presidente Pernambuco n° 204/ Avenida Gentil Bittencourt n° 231/ Avenida 16 de Novembro n° 79 e 107/ Rua Rodrigues Santos n° 305/ Rua Dr. Assis n° 130/ Travessa Campos Sales n° 591, 715 e 300/306/308/312/ Rua Gaspar Viana n° 151/153/157 e 165/169/ Praça Barão do Guajará n° 53/ Rua 13 de Maio n° 194, 458/462 e 470/ Avenida Castilhos França n° 524/534 e 600/608/ Rua 28 de Setembro n° 42, 157, 528 e 536/ Rua Senador Manoel Barata n° 337,Batista Campos,Revestimento de fachada, assentados por compressão contra argamassa fresca.
FE 1-1-2,Lisboa,Portugal,13/2,06/5,Demolido,,Revestimento de fachada, assentados por compressão contra argamassa fresca.
FE 1-1-3,Lisboa,Portugal,13/2,06/5,Demolido,,Revestimento de fachada, assentados por compressão contra argamassa fresca.
FE 1-1-4,Lisboa,Portugal,13/2,06/5,Demolido antes de 1986,,Revestimento de fachada, assentados por compressão contra argamassa fresca.
FE 1-2-2,Lisboa,Portugal,13/2,06/3,Rua 28 de Setembro n° 328,Campina,Revestimento de fachada, assentados por compressão contra argamassa fresca.
FE 1-2-5,Lisboa,Portugal,13/2,06/3,Avenida Nazaré n° 293 e 305/ Travessa Feli Roque n° 119,Nazaré,Revestimento de fachada, assentados por compressão contra argamassa fresca.
FE 6-1-1,Lisboa,Portugal,,,Travessa Quintino Bocaiúva n° 1242,Nazaré,Revestimento de fachada, assentados por compressão contra argamassa fresca.
FE 7-1-1,Lisboa,Portugal,13/6,06/3,Travessa Frutuoso Guimarães n° 529/ Rua Diogo Moia n° 1101/ Travessa 7 de Setembro n° 164/168/170/ Travessa Joaquim Távora n° 334/ Travessa Gurupá n° 266/ Travessa Alenquer n° 162/ Travessa Rui Barbosa n° 819 e 825/ Rua Senador Manoel Barata n° 114/118, 123 e 848/ Rua Aristides Lobo n° 488/ Avenida Portugal n° 183/ Rua Cametá n° 55 e 94/ travessa Padre Eutiquio n° 555 e 1359/ Rua Gaspar Viana n° 223, 233/235, 371/375 e 377/381/ Rua 15 de Novembro n° 29/31/ Rua 13 de Maio n° 28/32 e 125/ Avenida Castilhos França n° 744, 738, 600/608, 502 e 506/ Rua São Boaventura n° 39/ Travessa Campos Sales n° 715/ Rua Gaspar Viana n° 226/228 e Rua João Diogo n° 100,Cidade Velha/Campina/Reduto/Umarizal/Batista Campos,Revestimento de fachada, assentados por compressão contra argamassa fresca.
FE 7-1-2,Lisboa,Portugal,13/6,05/3,Demolido antes de 1986,,Revestimento de fachada, assentados por compressão contra argamassa fresca.
FE 9-1-1,Lisboa,Portugal,13/1,06/3,Travessa Dom Romualdo de Seias n° 1718/ Avenida Nazaré n° 31,Nazaré,Revestimento de fachada, assentados por compressão contra argamassa fresca.
FE 9-1-1,Lisboa,Portugal,13/1,06/3,Travessa Dom Romualdo de Seias n° 1718/ Avenida Nazaré n° 31,Umarizal,Revestimento de fachada, assentados por compressão contra argamassa fresca.
FE 10-1-2,,,13/5,07/1,Rua Conselheiro João Alfredo n° 289,Campina,Revestimento de fachada, assentados por compressão contra argamassa fresca.
FE 11-1-1,Portugal,,13/6,06/4,Travessa Gurupá n° 266,Cidade Velha,Revestimento de fachada, assentados por compressão contra argamassa fresca.
FE 15-1-1,Lisboa,Portugal,13/1,06/3,"Rua Senador Lemos n° 573/ Rua Gaspar Viana 180/182/ Travessa Leão II n° 21/ 
Rua 28 de Setembro n° 872",Campina,Revestimento de fachada, assentados por compressão contra argamassa fresca.
FE 15-1-1,Lisboa,Portugal,13/1,06/3,"Rua Senador Lemos n° 573/ Rua Gaspar Viana 180/182/ Travessa Leão II n° 21/ 
Rua 28 de Setembro n° 872",Reduto,Revestimento de fachada, assentados por compressão contra argamassa fresca.
FE 15-1-1,Lisboa,Portugal,13/1,06/3,"Rua Senador Lemos n° 573/ Rua Gaspar Viana 180/182/ Travessa Leão II n° 21/ 
Rua 28 de Setembro n° 872","
Umarizal",Revestimento de fachada, assentados por compressão contra argamassa fresca.
FE  15-1-2,Lisboa,Portugal,13/1,06/3,Rua Domingos Marreiros n° 279/ Rua Padre Prudêncio n° 586/ Rua Gama Abreu n° 1190 e 1202,Campina,Revestimento de fachada, assentados por compressão contra argamassa fresca.
FE  15-1-2,Lisboa,Portugal,13/1,06/3,Rua Domingos Marreiros n° 279/ Rua Padre Prudêncio n° 586/ Rua Gama Abreu n° 1190 e 1202,Umarizals,Revestimento de fachada, assentados por compressão contra argamassa fresca.
FE  15-1-2,Lisboa,Portugal,13/1,06/3,Rua Domingos Marreiros n° 279/ Rua Padre Prudêncio n° 586/ Rua Gama Abreu n° 1190 e 1202,"
Batista Campos",Revestimento de fachada, assentados por compressão contra argamassa fresca.
FE 17-2-1,Lisboa,Portugal,13/5,07/5,Rua 13 de MAio n° 81/83/89 e 510/512/514/ Avenida Castilhos França n° 722,Campina,Revestimento de fachada, assentados por compressão contra argamassa fresca.
FE 19-1-1,Lisboa,Portugal,13/5,06/5,Rua Ó de Almeida n° 831/ Rua dos Mundurucus n° 1387/ Rua Senador Manoel Barata n° 993/ Travessa Frei Gil de Vila Nova n° 993,Campina,Revestimento de fachada, assentados por compressão contra argamassa fresca.
FE 19-1-1,Lisboa,Portugal,13/5,06/5,Rua Ó de Almeida n° 831/ Rua dos Mundurucus n° 1387/ Rua Senador Manoel Barata n° 993/ Travessa Frei Gil de Vila Nova n° 993,Reduto,Revestimento de fachada, assentados por compressão contra argamassa fresca.
FE 19-1-1,Lisboa,Portugal,13/5,06/5,Rua Ó de Almeida n° 831/ Rua dos Mundurucus n° 1387/ Rua Senador Manoel Barata n° 993/ Travessa Frei Gil de Vila Nova n° 993,Batista Campos,Revestimento de fachada, assentados por compressão contra argamassa fresca.
FE 19-1-2,Lisboa,Portugal,13/5,06/5,Rua Riachuelo n° 190,Campina,Revestimento de fachada, assentados por compressão contra argamassa fresca.
FE 21-1-1,Lisboa,Portugal,13/1,06/1,"Travessa Frutuoso Guimarães n° 329/ Rua Santo Antônio n° 14/20/ Travessa Gurupá n° 178/ 
Rua Ó de Almeida n° 618 e 793/ Rua Senador Manoel Barata n° 77/ Travessa Piedade n° 342, 346 e s/n° e travessa Benjamin Constant n° 1035",Cidade Velha,Revestimento de fachada, assentados por compressão contra argamassa fresca.
FE 21-1-1,Lisboa,Portugal,13/1,06/1,"Travessa Frutuoso Guimarães n° 329/ Rua Santo Antônio n° 14/20/ Travessa Gurupá n° 178/ 
Rua Ó de Almeida n° 618 e 793/ Rua Senador Manoel Barata n° 77/ Travessa Piedade n° 342, 346 e s/n° e travessa Benjamin Constant n° 1035",Campina,Revestimento de fachada, assentados por compressão contra argamassa fresca.
FE 21-1-1,Lisboa,Portugal,13/1,06/1,"Travessa Frutuoso Guimarães n° 329/ Rua Santo Antônio n° 14/20/ Travessa Gurupá n° 178/ 
Rua Ó de Almeida n° 618 e 793/ Rua Senador Manoel Barata n° 77/ Travessa Piedade n° 342, 346 e s/n° e travessa Benjamin Constant n° 1035",Reduto,Revestimento de fachada, assentados por compressão contra argamassa fresca.
FE 21-1-1,Lisboa,Portugal,13/1,06/1,"Travessa Frutuoso Guimarães n° 329/ Rua Santo Antônio n° 14/20/ Travessa Gurupá n° 178/ 
Rua Ó de Almeida n° 618 e 793/ Rua Senador Manoel Barata n° 77/ Travessa Piedade n° 342, 346 e s/n° e travessa Benjamin Constant n° 1035",Nazaré,Revestimento de fachada, assentados por compressão contra argamassa fresca.
FE 22-1-1,Lisboa,Portugal,13/2,06/7,Rua Padre Prudêncio n° 514 e 518,Campina,Revestimento de fachada, assentados por compressão contra argamassa fresca.
FE 23-1-1,Lisboa,Portugal,,,Demolido antes de 1986,,Revestimento de fachada, assentados por compressão contra argamassa fresca.
FE 24-1-1,Lisboa,Portugal,13/2,06/7,Travessa Frutuoso Guimarães n° 482/ Rua Padre Prudêncio n° 514 e 518/ Travessa Benjamin Constant n° 1006, 1012, 1041 e 1047/ Rua Tiradentes n° 514/ Avenida Governador José Malcher n° 453/ Rua Aristides Lobo n° 145/ Rua Marques de Pombal n° 44/46 e 48/ Rua Cametá n° 50/ Rua Gaspar Viana n° 96/98/ Travessa Leão II s/n°, 52 e 37/27/ Rua Santo Antônio n° 135/155/ Rua 13 de Maio n° 520 e 524/ Praça Visconde do Rio Branco,Cidade Velha,Revestimento de fachada, assentados por compressão contra argamassa fresca.
FE 24-1-1,Lisboa,Portugal,13/2,06/7,Travessa Frutuoso Guimarães n° 482/ Rua Padre Prudêncio n° 514 e 518/ Travessa Benjamin Constant n° 1006, 1012, 1041 e 1047/ Rua Tiradentes n° 514/ Avenida Governador José Malcher n° 453/ Rua Aristides Lobo n° 145/ Rua Marques de Pombal n° 44/46 e 48/ Rua Cametá n° 50/ Rua Gaspar Viana n° 96/98/ Travessa Leão II s/n°, 52 e 37/27/ Rua Santo Antônio n° 135/155/ Rua 13 de Maio n° 520 e 524/ Praça Visconde do Rio Branco,Campina,Revestimento de fachada, assentados por compressão contra argamassa fresca.
FE 24-1-1,Lisboa,Portugal,13/2,06/7,Travessa Frutuoso Guimarães n° 482/ Rua Padre Prudêncio n° 514 e 518/ Travessa Benjamin Constant n° 1006, 1012, 1041 e 1047/ Rua Tiradentes n° 514/ Avenida Governador José Malcher n° 453/ Rua Aristides Lobo n° 145/ Rua Marques de Pombal n° 44/46 e 48/ Rua Cametá n° 50/ Rua Gaspar Viana n° 96/98/ Travessa Leão II s/n°, 52 e 37/27/ Rua Santo Antônio n° 135/155/ Rua 13 de Maio n° 520 e 524/ Praça Visconde do Rio Branco,Reduto,Revestimento de fachada, assentados por compressão contra argamassa fresca.
FE 24-1-1,Lisboa,Portugal,13/2,06/7,Travessa Frutuoso Guimarães n° 482/ Rua Padre Prudêncio n° 514 e 518/ Travessa Benjamin Constant n° 1006, 1012, 1041 e 1047/ Rua Tiradentes n° 514/ Avenida Governador José Malcher n° 453/ Rua Aristides Lobo n° 145/ Rua Marques de Pombal n° 44/46 e 48/ Rua Cametá n° 50/ Rua Gaspar Viana n° 96/98/ Travessa Leão II s/n°, 52 e 37/27/ Rua Santo Antônio n° 135/155/ Rua 13 de Maio n° 520 e 524/ Praça Visconde do Rio Branco,Nazaré,Revestimento de fachada, assentados por compressão contra argamassa fresca.
FE 25-1-1,Lisboa,Portugal,13/4,06/3,Avenida Senador Lemos n° 762/ Rua Conselheiro João Alfredo n° 194/196/ Rua Dr. Malcher n° 15/84 e 106/ Travessa Benjamin Constant n° 506 e 512/ Avenida Castilhos França n° 346/ Rua 15 de Novembro n° 30/32/34/38,Cidade Velha,Revestimento de fachada, assentados por compressão contra argamassa fresca.
FE 25-1-1,Lisboa,Portugal,13/4,06/3,Avenida Senador Lemos n° 762/ Rua Conselheiro João Alfredo n° 194/196/ Rua Dr. Malcher n° 15/84 e 106/ Travessa Benjamin Constant n° 506 e 512/ Avenida Castilhos França n° 346/ Rua 15 de Novembro n° 30/32/34/38,Campinal,Revestimento de fachada, assentados por compressão contra argamassa fresca.
FE 25-1-1,Lisboa,Portugal,13/4,06/3,Avenida Senador Lemos n° 762/ Rua Conselheiro João Alfredo n° 194/196/ Rua Dr. Malcher n° 15/84 e 106/ Travessa Benjamin Constant n° 506 e 512/ Avenida Castilhos França n° 346/ Rua 15 de Novembro n° 30/32/34/38,Reduto,Revestimento de fachada, assentados por compressão contra argamassa fresca.
FE 25-2-1,,,13/1,04/1,"Travessa Frutuoso Guimarães n° 175/179, 123/185, 187/191/ Travessa Alenquer n° 337/
 Rua Dr. Malcher n° 85",Cidade Velha,Revestimento de fachada, assentados por compressão contra argamassa fresca.
FE 25-2-1,,,13/1,04/1,"Travessa Frutuoso Guimarães n° 175/179, 123/185, 187/191/ Travessa Alenquer n° 337/
 Rua Dr. Malcher n° 85",Campina,Revestimento de fachada, assentados por compressão contra argamassa fresca.
FE 25-2-1,,,13/1,04/1,"Travessa Frutuoso Guimarães n° 175/179, 123/185, 187/191/ Travessa Alenquer n° 337/
 Rua Dr. Malcher n° 85",Reduto,Revestimento de fachada, assentados por compressão contra argamassa fresca.
FE 25-3-1,,Portugal,,,Rua 15 de Novembro n° 30/32/34/38,Campina,Revestimento de fachada, assentados por compressão contra argamassa fresca.
FE 26-1-1,,,15/2,04/1,Travessa Alenquer n° 146,Cidade Velha,Revestimento de fachada, assentados por compressão contra argamassa fresca.
FE 29-1-1,,Portugal,,,Demolido antes de 1986,,Revestimento de fachada, assentados por compressão contra argamassa fresca.
FE 32-1-1,,,13/1,04/1,Travessa Frutuoso Guimarães n° 175/179, 123/185, 187/191/ Travessa Alenquer n° 168/ Travessa Piedade n° 337,Cidade Velha,Revestimento de fachada, assentados por compressão contra argamassa fresca.
FE 32-1-1,,,13/1,04/1,Travessa Frutuoso Guimarães n° 175/179, 123/185, 187/191/ Travessa Alenquer n° 168/ Travessa Piedade n° 337,Campina,Revestimento de fachada, assentados por compressão contra argamassa fresca.
FE 32-1-1,,,13/1,04/1,Travessa Frutuoso Guimarães n° 175/179, 123/185, 187/191/ Travessa Alenquer n° 168/ Travessa Piedade n° 337,Reduto,Revestimento de fachada, assentados por compressão contra argamassa fresca.
FE 33-1-1,,,13/1,04/1,Rua Ó de Almeida n° 755 e 757/759,Reduto,Revestimento de fachada, assentados por compressão contra argamassa fresca.
FE 33-2-2,,Portugal,15/1,07/5,Travessa Presidente Pernambuco n° 204,Batista Campos,Revestimento de fachada, assentados por compressão contra argamassa fresca.
FE 34-1-1,,,13/1,04/1,Rua 28 de Setembro n° 528,Reduto,Revestimento de fachada, assentados por compressão contra argamassa fresca.
FE 35-1-1,,Portugal,,,Demolido antes de 1986,,Revestimento de fachada, assentados por compressão contra argamassa fresca.
FE 36-1-1,,Portugal,13/3,06/4,Travessa Gurupá n° 266,Cidade Velha,Revestimento de fachada, assentados por compressão contra argamassa fresca.
FE 37-1-1,,Portugal,,,Demolido antes de 1986,,Revestimento de fachada, assentados por compressão contra argamassa fresca.
FE 38-1-1,,França,21/1,06/1,Rua 28 de Setembro n° 1181/1183,,Revestimento de fachada, assentados por compressão contra argamassa fresca.
FE 39-1-1,Lisboa,Portugal,13/6,06/9,"Avenida Nazaré n° 427, 435, 441, 449, 457, 463 e 489/ Rua Arcipreste Manoel Teodoro n° 756/
 Rua Rodrigues dos Santos n° 305",Cidade Velha,Revestimento de fachada, assentados por compressão contra argamassa fresca.
FE 39-1-1,Lisboa,Portugal,13/6,06/9,"Avenida Nazaré n° 427, 435, 441, 449, 457, 463 e 489/ Rua Arcipreste Manoel Teodoro n° 756/
 Rua Rodrigues dos Santos n° 305",Nazaré,Revestimento de fachada, assentados por compressão contra argamassa fresca.
FE 39-1-1,Lisboa,Portugal,13/6,06/9,"Avenida Nazaré n° 427, 435, 441, 449, 457, 463 e 489/ Rua Arcipreste Manoel Teodoro n° 756/
 Rua Rodrigues dos Santos n° 305",Batista Campos,Revestimento de fachada, assentados por compressão contra argamassa fresca.
FE 40-1-1,Lisboa,Portugal,13/4,06/8,Avenida 16 de Novembro n° 406/ Rua 28 de Setembro n° 1187/1189,Reduto,Revestimento de fachada, assentados por compressão contra argamassa fresca.
FE 40-1-1,Lisboa,Portugal,13/4,06/8,Avenida 16 de Novembro n° 406/ Rua 28 de Setembro n° 1187/1189,Cidade Velha,Revestimento de fachada, assentados por compressão contra argamassa fresca.
FE 41-1-1,Lisboa,Portugal,13/3,06/5,Avenida 16 de Novembro n° 791,Batista Campos,Revestimento de fachada, assentados por compressão contra argamassa fresca.
FE 42-1-1,Lisboa,Portugal,13/3,06/5,Travessa Pedro Albuquerque n° 65/ Travessa Benjamin Constant n° 415/ Avenida Nazaré n° 285/ Travessa Campos Sales n° 517/ Rua Angelo Custódio n° 35/41/45/47,Cidade Velha,Revestimento de fachada, assentados por compressão contra argamassa fresca.
FE 42-1-1,Lisboa,Portugal,13/3,06/5,Travessa Pedro Albuquerque n° 65/ Travessa Benjamin Constant n° 415/ Avenida Nazaré n° 285/ Travessa Campos Sales n° 517/ Rua Angelo Custódio n° 35/41/45/47,Campina,Revestimento de fachada, assentados por compressão contra argamassa fresca.
FE 42-1-1,Lisboa,Portugal,13/3,06/5,Travessa Pedro Albuquerque n° 65/ Travessa Benjamin Constant n° 415/ Avenida Nazaré n° 285/ Travessa Campos Sales n° 517/ Rua Angelo Custódio n° 35/41/45/47,Reduto,Revestimento de fachada, assentados por compressão contra argamassa fresca.
FE 42-1-1,Lisboa,Portugal,13/3,06/5,Travessa Pedro Albuquerque n° 65/ Travessa Benjamin Constant n° 415/ Avenida Nazaré n° 285/ Travessa Campos Sales n° 517/ Rua Angelo Custódio n° 35/41/45/47,"
Nazaré",Revestimento de fachada, assentados por compressão contra argamassa fresca.
FE 43-1-1,Lisboa,Portugal,13/3,06/5,Travessa Pedro Albuquerque n° 71,Cidade Velha,Revestimento de fachada, assentados por compressão contra argamassa fresca.
FE 44-1-1,Porto,Portugal,,,Demolido antes de 1986,,Revestimento de fachada, assentados por compressão contra argamassa fresca.
FE 45-1-1,Porto,Portugal,,,Travessa São Francisco n° 60,Campina,Revestimento de fachada, assentados por compressão contra argamassa fresca.
FE 46-1-1,Porto,Portugal,,,Travessa São Francisco n° 60,Campina,Revestimento de fachada, assentados por compressão contra argamassa fresca.
FE 47-1-1,,,14/4,06/8,Travessa Rui Barbosa n° 717 e 723,Reduto,Revestimento de fachada, assentados por compressão contra argamassa fresca.
FE 48-1-1 (a e b-canto),,,,,Rua Oliveira Belo n° 260 e 264,Umarizal,Revestimento de fachada, assentados por compressão contra argamassa fresca.
FE 49-1-1,,Portugal,15/1,07/6,Travessa Frutuoso Guimarães n° 400, 441, 565, 584, 590, 596 e 602/ Travessa Presidente Pernambuco n° 204/ Rua Riachuelo n° 43 e s/n°,Campina,Revestimento de fachada, assentados por compressão contra argamassa fresca.
FE 49-1-1,,Portugal,15/1,07/6,Travessa Frutuoso Guimarães n° 400, 441, 565, 584, 590, 596 e 602/ Travessa Presidente Pernambuco n° 204/ Rua Riachuelo n° 43 e s/n°,Batista Campos,Revestimento de fachada, assentados por compressão contra argamassa fresca.
FE 49-1-2,,,15/1,07/6,Demolido antes de 1986,,Revestimento de fachada, assentados por compressão contra argamassa fresca.
FE 50-1-1,,Portugal,,,Demolido antes de 1986,,Revestimento de fachada, assentados por compressão contra argamassa fresca.
FE 51-1-1,,Portugal,15/4,07/4,Rua Senador Manoel Barata n° 492/496,Campina,Revestimento de fachada, assentados por compressão contra argamassa fresca.
FE 52-1-1,,Alemanha,14/5,07/1,Avenida Brás de Aguiar n° 55,Nazaré,Revestimento de fachada, assentados por compressão contra argamassa fresca.
FE 53-1-1,,Portugal,14/1,06/8,Rua Dr. Assis n° 213-215,Cidade Velha,Revestimento de fachada, assentados por compressão contra argamassa fresca.
FE 54-1-1,,Portugal,,,Travessa São Francisco n° 60,Campina,Revestimento de fachada, assentados por compressão contra argamassa fresca.
FE 55-1-1,,Portugal,,,Rua Senador Manoel Barata n° 271,Campina,Revestimento de fachada, assentados por compressão contra argamassa fresca.
FE 56-1-1,,Portugal,,,Travessa Campos Sales n° 365/375,Comércio,Revestimento de fachada, assentados por compressão contra argamassa fresca.
FE 57-1-1,,Portugal,,,Demolido antes de 1986,,Revestimento de fachada, assentados por compressão contra argamassa fresca.
FE 58-1-1,,,15/1,07/5,Avenido Conselheiro Furtado n° 1881,Nazaré,Revestimento de fachada, assentados por compressão contra argamassa fresca.
FE 59-1-1,,,15/1,07/5,Demolido,,Revestimento de fachada, assentados por compressão contra argamassa fresca.
FE 60-1-1,,,14/2,06/6,Travessa São Francisco n° 60,,Revestimento de fachada, assentados por compressão contra argamassa fresca.
FE 61-1-1,,,15/1,07/5,Demolido,,Revestimento de fachada, assentados por compressão contra argamassa fresca.
FI 1-1-1,,,,,Rua Senador Manoel Barata n° 105/ Avenida Gentil Bittencourt n° 49,Campina,Revestimento de fachada, assentados por compressão contra argamassa fresca.
FI 1-1-1,,,,,Rua Senador Manoel Barata n° 105/ Avenida Gentil Bittencourt n° 49,Nazaré,Revestimento de fachada, assentados por compressão contra argamassa fresca.
FI 2-1-1,,,15/1,07/5,Avenida Generalíssimo Deodoro n° 384,Nazaré,Revestimento de fachada, assentados por compressão contra argamassa fresca.
CD  4-1-1,Dresden,Alemanha,14/1,14/1,Rua Santo Antônio n° 254, 260, 274/276/ Rua Alcindo Cacela n° 1858/ Travessa Padre Eutiquio n° 225 e Avenida Castilhos França n° 278,Campina,Revestimento de fachada, assentados por compressão contra argamassa fresca.
CD  4-1-1,Dresden,Alemanha,14/1,14/1,Rua Santo Antônio n° 254, 260, 274/276/ Rua Alcindo Cacela n° 1858/ Travessa Padre Eutiquio n° 225 e Avenida Castilhos França n° 278,Nazaré,Revestimento de fachada, assentados por compressão contra argamassa fresca.
CD 5-1-1,,França,10/5,10/5,Rua Santo Antônio n° 220 e 224,Campina,Revestimento de fachada, assentados por compressão contra argamassa fresca.
CD 5-1-2,,França,10/5,10/5,Rua Ó de Almeida n° 306/ Rua Senador Manoel Barata n° 347/351 e 363/ Avenida Serzedelo Correa n° 1074 e 1078/ Rua Arcipreste Manoel Teodoro n° 594/ Avenida 16 de Novembro n° 41, 421, 427 e 443/ Rua 28 de setembro n° 136, 138/142,Batista Campos,Revestimento de fachada, assentados por compressão contra argamassa fresca.
CD 5-1-2,,França,10/5,10/5,Rua Ó de Almeida n° 306/ Rua Senador Manoel Barata n° 347/351 e 363/ Avenida Serzedelo Correa n° 1074 e 1078/ Rua Arcipreste Manoel Teodoro n° 594/ Avenida 16 de Novembro n° 41, 421, 427 e 443/ Rua 28 de setembro n° 136, 138/142,Campina,Revestimento de fachada, assentados por compressão contra argamassa fresca.
CD 6-1-1,,França,10/4,10/4,Travessa Féli Roque n° 260, 268 e 316/ Rua Dr. Malcher n° 477/ Travessa Rui Barbosa n° 1023/ Avenida Portugal n° 57/ Rua Marquês de Pombal n° 76/80/ Rua Gaspar Viana n° 283/289/ Rua 15 de Novembro n° 13/ Avenida Castilhos França n° 648,Cidade Velha,Revestimento de fachada, assentados por compressão contra argamassa fresca.
CD 6-1-1,,França,10/4,10/4,Travessa Féli Roque n° 260, 268 e 316/ Rua Dr. Malcher n° 477/ Travessa Rui Barbosa n° 1023/ Avenida Portugal n° 57/ Rua Marquês de Pombal n° 76/80/ Rua Gaspar Viana n° 283/289/ Rua 15 de Novembro n° 13/ Avenida Castilhos França n° 648,Campina,Revestimento de fachada, assentados por compressão contra argamassa fresca.
CD 7-1-1,Dresden,Alemanha,14/6,14/6,Rua Ó de Almeida n° 1209, 1227, 1235 e 1245/ Avenida Nazaré n° 154 e 166/ Rua Mundurucus n° 619/ Travessa Padre Eutiquio n° 1192, 1198, 1206 e 1214,Reduto,Revestimento de fachada, assentados por compressão contra argamassa fresca.
CD 7-1-1,Dresden,Alemanha,14/6,14/6,Rua Ó de Almeida n° 1209, 1227, 1235 e 1245/ Avenida Nazaré n° 154 e 166/ Rua Mundurucus n° 619/ Travessa Padre Eutiquio n° 1192, 1198, 1206 e 1214,Nazaré,Revestimento de fachada, assentados por compressão contra argamassa fresca.
CD 7-1-1,Dresden,Alemanha,14/6,14/6,Rua Ó de Almeida n° 1209, 1227, 1235 e 1245/ Avenida Nazaré n° 154 e 166/ Rua Mundurucus n° 619/ Travessa Padre Eutiquio n° 1192, 1198, 1206 e 1214,Batista Campos,Revestimento de fachada, assentados por compressão contra argamassa fresca.
CD 8-1-1,Dresden,Alemanha,14/1,14/1,Rua Ó de Almeida n° 1116/ Avenida Assis de Vasconcelos n° 831/ Rua Tomázia Perdigão n° 240/ Rua Gaspar Viana n° 152/154/158/ Travessa Leão III n° 22/24/26,Cidade Velha,Revestimento de fachada, assentados por compressão contra argamassa fresca.
CD 8-1-1,Dresden,Alemanha,14/1,14/1,Rua Ó de Almeida n° 1116/ Avenida Assis de Vasconcelos n° 831/ Rua Tomázia Perdigão n° 240/ Rua Gaspar Viana n° 152/154/158/ Travessa Leão III n° 22/24/26,Reduto,Revestimento de fachada, assentados por compressão contra argamassa fresca.
CD 8-1-1,Dresden,Alemanha,14/1,14/1,Rua Ó de Almeida n° 1116/ Avenida Assis de Vasconcelos n° 831/ Rua Tomázia Perdigão n° 240/ Rua Gaspar Viana n° 152/154/158/ Travessa Leão III n° 22/24/26,Campina,Revestimento de fachada, assentados por compressão contra argamassa fresca.
CD 9-1-1,,,12/3,12/3,Rua Santo Antônio n° 139/153/159/ Travessa Leão III n° 55/79,Campina,Revestimento de fachada, assentados por compressão contra argamassa fresca.
CD 10-1-1 (a e b),, Alemanha,14/5,14/5,Demolido antes de 1986,,Revestimento de fachada, assentados por compressão contra argamassa fresca.
CD 10-1-2,, Alemanha,14/5,14/5,Avenida Portugal n° 93,Campina,Revestimento de fachada, assentados por compressão contra argamassa fresca.
CD 11-1-1,,,,,Rua dos Mundurucus n° 1387,Batista Campos,Revestimento de fachada, assentados por compressão contra argamassa fresca.
CD 12-1-1,,,,,Travessa Benjamin  Constant n° 1009,Nazaré,Revestimento de fachada, assentados por compressão contra argamassa fresca.
CD 13-1-1,,,,,Demolido antes de 1986,,Revestimento de fachada, assentados por compressão contra argamassa fresca.
CD 14-1-1,,Alemanha,14/1,14/1,Travessa Dr. Moraes n° 85, 91, 107 e 115,Nazaré,Revestimento de fachada, assentados por compressão contra argamassa fresca.
CD 15-1-1,,França,21/1,21/1,Demolido antes de 1986, ,Revestimento de fachada, assentados por compressão contra argamassa fresca.
CI  1-1-1 (a e b),,,14/5,14/5,Rua 28 de Setembro n° 70/752,Nazaré,Revestimento de fachada, assentados por compressão contra argamassa fresca.
CI  1-1-1 (a e b),,,14/5,14/5,Rua 28 de Setembro n° 70/752,Reduto,Revestimento de fachada, assentados por compressão contra argamassa fresca.
CI  2-1-1,,,10/9,10/9,Rua Inacio Gilhon n° 41/ Avenida Generalíssimo Deodoro n° 1130,Comercio,Revestimento de fachada, assentados por compressão contra argamassa fresca.
CI  2-1-1,,,10/9,10/9,Rua Inacio Gilhon n° 41/ Avenida Generalíssimo Deodoro n° 1130,Nazaré,Revestimento de fachada, assentados por compressão contra argamassa fresca.
CI  3-1-1 (a e b),,Portugal,14/1,07/1,Avenida Conselheiro Furtado n° 456,Batista Campos,Revestimento de fachada, assentados por compressão contra argamassa fresca.
FD 6-1-1,,Inglaterra,15/8,07/8,Rua dos 48 n° 34,Batista Campos,Revestimento de fachada, assentados por compressão contra argamassa fresca.
FD 7-1-1,,Portugal,15/8,07/8,Travessa Gurupá n° 250,Cidade Velha,Revestimento de fachada, assentados por compressão contra argamassa fresca.
FD 7-1-2,,Portugal,15/8,07/8,Travessa Dom Pedro n° 704/ Rua Santo Antônio n° 202, 206/208 e 210/216/ Travessa Gurupá n° 250,Cidade Velha/Campina/Umarizal,Revestimento de fachada, assentados por compressão contra argamassa fresca.
FD 8-1-1,,,15/2,07/1,Rua Ó de Almeida n° 648,Campina,Revestimento de fachada, assentados por compressão contra argamassa fresca.
FD 9-1-1,,,14/8,07/4,Travessa Padre Eutiquio n° 1367,Batista Campos,Revestimento de fachada, assentados por compressão contra argamassa fresca.
FD 10-1-1,,Alemanha,15/1,07/1,Rua Alcindo Cacela n° 2074/ Rua Bernardo Couto n° 785, 791 e 797/ Rua Carlos Gomes n° 23, 29 e 37/ Avenida Conselheiro Furtado n° 584/ Rua Gaspar Viana n° 384/ Avenida Nazaré n° 1319/ Rua Ó de Almeida n° 760/ Rua 15 de Novembro n° 15/25/ Rua 28 de Setembro n° 982 e 1163,Campina,Revestimento de fachada, assentados por compressão contra argamassa fresca.
FD 10-1-1,,Alemanha,15/1,07/1,Rua Alcindo Cacela n° 2074/ Rua Bernardo Couto n° 785, 791 e 797/ Rua Carlos Gomes n° 23, 29 e 37/ Avenida Conselheiro Furtado n° 584/ Rua Gaspar Viana n° 384/ Avenida Nazaré n° 1319/ Rua Ó de Almeida n° 760/ Rua 15 de Novembro n° 15/25/ Rua 28 de Setembro n° 982 e 1163, Reduto,Revestimento de fachada, assentados por compressão contra argamassa fresca.
FD 10-1-1,,Alemanha,15/1,07/1,Rua Alcindo Cacela n° 2074/ Rua Bernardo Couto n° 785, 791 e 797/ Rua Carlos Gomes n° 23, 29 e 37/ Avenida Conselheiro Furtado n° 584/ Rua Gaspar Viana n° 384/ Avenida Nazaré n° 1319/ Rua Ó de Almeida n° 760/ Rua 15 de Novembro n° 15/25/ Rua 28 de Setembro n° 982 e 1163,Nazaré,Revestimento de fachada, assentados por compressão contra argamassa fresca.
FD 10-1-1,,Alemanha,15/1,07/1,Rua Alcindo Cacela n° 2074/ Rua Bernardo Couto n° 785, 791 e 797/ Rua Carlos Gomes n° 23, 29 e 37/ Avenida Conselheiro Furtado n° 584/ Rua Gaspar Viana n° 384/ Avenida Nazaré n° 1319/ Rua Ó de Almeida n° 760/ Rua 15 de Novembro n° 15/25/ Rua 28 de Setembro n° 982 e 1163,Umarizal,Revestimento de fachada, assentados por compressão contra argamassa fresca.
FD 10-1-1,,Alemanha,15/1,07/1,Rua Alcindo Cacela n° 2074/ Rua Bernardo Couto n° 785, 791 e 797/ Rua Carlos Gomes n° 23, 29 e 37/ Avenida Conselheiro Furtado n° 584/ Rua Gaspar Viana n° 384/ Avenida Nazaré n° 1319/ Rua Ó de Almeida n° 760/ Rua 15 de Novembro n° 15/25/ Rua 28 de Setembro n° 982 e 1163,Batista Campos,Revestimento de fachada, assentados por compressão contra argamassa fresca.
FD 11-1-1,,Alemanha,15/2,07/6,Rua Ó de Almeida n° 252 e 879/ Travessa Piedade n° 298/302/306/ Rua Senador Manoel Barata n° 1186 e 1200/ Rua 13 de Maio n° 162/168/ Travessa Padre Eutiquio n° 252 esquina da Travessa 13 de Maio,Reduto,Revestimento de fachada, assentados por compressão contra argamassa fresca.
FD 11-1-1,,Alemanha,15/2,07/6,Rua Ó de Almeida n° 252 e 879/ Travessa Piedade n° 298/302/306/ Rua Senador Manoel Barata n° 1186 e 1200/ Rua 13 de Maio n° 162/168/ Travessa Padre Eutiquio n° 252 esquina da Travessa 13 de Maio,Campina,Revestimento de fachada, assentados por compressão contra argamassa fresca.
FD 12-1-1,,,15/4,07/1,Travessa Dom Pedro n° 830 e 836/ Avenida Alcindo Cacela n° 2080 e 2092,Nazaré,Revestimento de fachada, assentados por compressão contra argamassa fresca.
FD 12-1-1,,,15/4,07/1,Travessa Dom Pedro n° 830 e 836/ Avenida Alcindo Cacela n° 2080 e 2092,Umarizal,Revestimento de fachada, assentados por compressão contra argamassa fresca.
FD 12-1-2,,,15/3,07/5,Rua Pedro Prudêncio n° 556/ Avenida José bonifácio n° 678/ Rua dos Tamoios n° 1644,Campin,Revestimento de fachada, assentados por compressão contra argamassa fresca.
FD 12-1-2,,,15/3,07/5,Rua Pedro Prudêncio n° 556/ Avenida José bonifácio n° 678/ Rua dos Tamoios n° 1644,Batista Campos,Revestimento de fachada, assentados por compressão contra argamassa fresca.
FD 12-1-2,,,15/3,07/5,Rua Pedro Prudêncio n° 556/ Avenida José bonifácio n° 678/ Rua dos Tamoios n° 1644,São Brás,Revestimento de fachada, assentados por compressão contra argamassa fresca.
FD 13-1-1,, Alemanha,15/1,07/4,Travessa Campos Sales n° 553/ Avenida José Malcher n° 754/ Travessa Dr. Moraes n° 98/ Travessa Honorio Santos n° 256,Campina,Revestimento de fachada, assentados por compressão contra argamassa fresca.
FD 13-1-1,, Alemanha,15/1,07/4,Travessa Campos Sales n° 553/ Avenida José Malcher n° 754/ Travessa Dr. Moraes n° 98/ Travessa Honorio Santos n° 256,Nazaré,Revestimento de fachada, assentados por compressão contra argamassa fresca.
FD 13-1-1,, Alemanha,15/1,07/4,Travessa Campos Sales n° 553/ Avenida José Malcher n° 754/ Travessa Dr. Moraes n° 98/ Travessa Honorio Santos n° 256,Jurunas,Revestimento de fachada, assentados por compressão contra argamassa fresca.
FD 14-1-1,,,15/4,07/1,Travessa da Piedade n° 341,Reduto,Revestimento de fachada, assentados por compressão contra argamassa fresca.
FD 14-1-2,,,15/4,07/1,Avenida Alcindo Cacela n° 1866,Nazaré,Revestimento de fachada, assentados por compressão contra argamassa fresca.
FD 15-1-1,,Provavelmente Alemanha,15/2,07/5,Travessa 13 de Março n° 1704/ Rua Ó de Almeida n° 125/ Rua Marquês de Pombal n° 118/122/ Rua Tomázia Perdigão n° 188/190/ Rua Dr. Assis n° 667/ Travessa Padre Eutiquio n° 397/399/ Rua 28 de Setembro n° 1155 e 1177,Cidade Velha,Revestimento de fachada, assentados por compressão contra argamassa fresca.
FD 15-1-1,,Provavelmente Alemanha,15/2,07/5,Travessa 13 de Março n° 1704/ Rua Ó de Almeida n° 125/ Rua Marquês de Pombal n° 118/122/ Rua Tomázia Perdigão n° 188/190/ Rua Dr. Assis n° 667/ Travessa Padre Eutiquio n° 397/399/ Rua 28 de Setembro n° 1155 e 1177,Campina,Revestimento de fachada, assentados por compressão contra argamassa fresca.
FD 15-1-1,,Provavelmente Alemanha,15/2,07/5,Travessa 13 de Março n° 1704/ Rua Ó de Almeida n° 125/ Rua Marquês de Pombal n° 118/122/ Rua Tomázia Perdigão n° 188/190/ Rua Dr. Assis n° 667/ Travessa Padre Eutiquio n° 397/399/ Rua 28 de Setembro n° 1155 e 1177,Reduto,Revestimento de fachada, assentados por compressão contra argamassa fresca.
FD 15-1-1,,Provavelmente Alemanha,15/2,07/5,Travessa 13 de Março n° 1704/ Rua Ó de Almeida n° 125/ Rua Marquês de Pombal n° 118/122/ Rua Tomázia Perdigão n° 188/190/ Rua Dr. Assis n° 667/ Travessa Padre Eutiquio n° 397/399/ Rua 28 de Setembro n° 1155 e 1177,Nazaré,Revestimento de fachada, assentados por compressão contra argamassa fresca.
FD 16-1-2,,França,15/4,08/5,Avenida Generalíssimo Deodoro n° 254 e 260/ Avenida Alcindo Cacela n° 2098 e 2110 e Avenida 16 de Novembro n° 112,Cidade Velha,Revestimento de fachada, assentados por compressão contra argamassa fresca.
FD 16-1-2,,França,15/4,08/5,Avenida Generalíssimo Deodoro n° 254 e 260/ Avenida Alcindo Cacela n° 2098 e 2110 e Avenida 16 de Novembro n° 112,Nazaré,Revestimento de fachada, assentados por compressão contra argamassa fresca.
FD 16-1-2,,França,15/4,08/5,Avenida Generalíssimo Deodoro n° 254 e 260/ Avenida Alcindo Cacela n° 2098 e 2110 e Avenida 16 de Novembro n° 112,/Umarizal,Revestimento de fachada, assentados por compressão contra argamassa fresca.
FD 17-1-1,,,15/1,07/1,Rua Tomázia Perdigão n° 248,Cidade Velha,Revestimento de fachada, assentados por compressão contra argamassa fresca.
FD 20-1-1,,,14/5,07/5,Rua Arcipreste Manoel Teodoro n° 820/ Rua Ó de Almeida n° 527/ Rua Senador Manoel Barata n° 214/216/ Rua Gaspar Viana n° 184/190,Campina,Revestimento de fachada, assentados por compressão contra argamassa fresca.
FD 20-1-1,,,14/5,07/5,Rua Arcipreste Manoel Teodoro n° 820/ Rua Ó de Almeida n° 527/ Rua Senador Manoel Barata n° 214/216/ Rua Gaspar Viana n° 184/190,Batista Campos,Revestimento de fachada, assentados por compressão contra argamassa fresca.
FD 21-1-1,,,,,Avenida Nazaré n° 210,Nazaré,Revestimento de fachada, assentados por compressão contra argamassa fresca.
FD 22-1-1,,França,15/3,07/7,Demolido,,Revestimento de fachada, assentados por compressão contra argamassa fresca.
CMR 1-1-1,,Provavelmente Alemanha,14/5,14/5,Rua Marques de Pombal n° 84/90,Cidade Velha,Revestimento de fachada, assentados por compressão contra argamassa fresca.
CMR 2-1-1,,Alemanha,17/5,17/5,Rua Senador Manoel Barata 284/298/ Rua Dr.Assis n° 586/ Travessa Padre Eutiquio n° 298, 859 e 869,Cidade Velha,Revestimento de fachada, assentados por compressão contra argamassa fresca.
CMR 3-1-1,,,,,Demolido antes de 1986,,Revestimento de fachada, assentados por compressão contra argamassa fresca.
CMR 4-1-1,,,,,Demolido antes de 1986,,Revestimento de fachada, assentados por compressão contra argamassa fresca.
FMR 1-1-1,,,,,Avenida Governador José Malcher n° 459,Nazaré,Revestimento de fachada, assentados por compressão contra argamassa fresca.
FMR 2-1-1,,,15/1,07/5,Avenida Senador Manoel Barata n° 1343,Reduto,Revestimento de fachada, assentados por compressão contra argamassa fresca.
FMR 3-1-1,,,,,Travessa Quintino Bocaiúva n° 1455,Nazaré,Revestimento de fachada, assentados por compressão contra argamassa fresca.
FMR 4-1-1,,,,,Rua 15 de Novembro n° 280, esquina da Travessa Campos Sales,Campina,Revestimento de fachada, assentados por compressão contra argamassa fresca.
FMR 5-1-1,,,,,Avenida Nazaré n° 744,São Brás,Revestimento de fachada, assentados por compressão contra argamassa fresca.
FMR 6-1-1 (a e b),,,,,Demolido antes de 1986,,Revestimento de fachada, assentados por compressão contra argamassa fresca.
FMR 7-1-1,Sacavém,Portugal,15/1,07/5,Avenida Gentil Bittencourt n° 1537,Nazaré,Revestimento de fachada, assentados por compressão contra argamassa fresca.
FMR 8-1-1,,,,,Mercado de Carne (Rua 15 de Novembro),Campina,Revestimento de fachada, assentados por compressão contra argamassa fresca.
FMR 9-1-1,,,15/1,07/5,Demolido,,Revestimento de fachada, assentados por compressão contra argamassa fresca.
FMR 10-1-1,,,15/1,07/5,Demolido,,Revestimento de fachada, assentados por compressão contra argamassa fresca.
CR 2-1-1,Porto,Portugal,11/5,13/5,Avenida Generalíssimo Deodoro n° 1410,Nazaré,Revestimento de fachada, assentados por compressão contra argamassa fresca.
FR 1-1-1,,Portugal,,,Rua 15 de Novembro n° 319,Campina,Revestimento de fachada, assentados por compressão contra argamassa fresca.
FR 3-1-1,Porto,Portugal,,,Demolido antes de 1986,,Revestimento de fachada, assentados por compressão contra argamassa fresca.
FR 4-1-1,Porto,Portugal,,,Rua 15 de Novembro n° 319,Campina,Revestimento de fachada, assentados por compressão contra argamassa fresca.
FR 5-1-1,Porto,Portugal,14/1,07/6,Travessa Frutuoso Guimarães n° 611,Campina,Revestimento de fachada, assentados por compressão contra argamassa fresca.
FR 6-1-1,,,15/1,05/1,Demolido,,Revestimento de fachada, assentados por compressão contra argamassa fresca.
